pool,序号,代码,名称,涨跌幅,最新价,成交额,流通市值,总市值,换手率,封板资金,首次封板时间,最后封板时间,炸板次数,涨停统计,连板数,所属行业,涨停价,涨速,振幅,是否新高,量比,入选理由,昨日封板时间,昨日连板数
zt,1,000498,山东路桥,9.922179222106934,5.65,314302752,8188814951.35,8771297480.800001,3.839857339859009,59982095.0,092500,093136,1.0,1/1,1.0,基础建设,,,,,,,,
zt,2,000850,华茂股份,10.107526779174805,5.12,70141112,4830076820.4800005,4831564840.96,1.4521738290786743,160092487.0,092500,092500,0.0,2/2,2.0,纺织制造,,,,,,,,
zt,3,001234,泰慕士,10.00621509552002,35.4,80434535,3240569100.0,3844071840.0,2.4821114540100098,360840625.0,092500,092500,0.0,4/4,4.0,服装家纺,,,,,,,,
zt,4,600825,新华传媒,10.056657791137695,7.77,46504942,8118778594.5,8118778641.12,0.5728071331977844,1761208868.0,092502,092502,0.0,4/4,4.0,出版,,,,,,,,
zt,5,601567,三星电气,10.02031135559082,16.25,208136110,22834652750.0,22834652880.0,0.9114923477172852,234273390.0,092502,092502,0.0,1/1,1.0,电网设备,,,,,,,,
zt,6,603949,雪龙集团,10.026041030883789,16.9,75458139,3552469130.6,3561450331.3999996,2.1241445541381836,78925298.0,093001,093001,0.0,2/2,2.0,汽车零部,,,,,,,,
zt,7,002819,东方中科,9.983498573303223,26.66,493825168,6297051636.76,7946468992.64,7.882258415222168,97599594.0,093006,094145,2.0,2/2,2.0,通用设备,,,,,,,,
zt,8,601811,新华文轩,10.0,20.35,252607613,16115244365.000002,25108664512.800003,1.5690144300460815,135765309.0,093006,093006,0.0,5/5,5.0,出版,,,,,,,,
zt,9,002321,华英农业,10.194174766540527,2.27,255370814,4824317520.43,4841660445.28,5.343380928039551,40973727.0,093021,093021,0.0,6/3,1.0,养殖业,,,,,,,,
zt,10,002238,天威视讯,10.05221939086914,8.43,722575328,6765573718.8,6765573786.24,10.82310962677002,12686711.0,093036,131036,3.0,3/3,3.0,电视广播,,,,,,,,
zt,11,002614,奥佳华,10.039629936218262,8.33,463388112,3675823340.63,5195747536.0,12.991484642028809,103658628.0,093057,093130,1.0,4/4,4.0,其他家电,,,,,,,,
zt,12,002413,雷科防务,10.061349868774414,8.97,1977372528,11620011558.09,11834486258.400002,17.21269989013672,106051987.0,093157,130957,2.0,1/1,1.0,军工电子,,,,,,,,
zt,13,603500,祥和实业,10.031679153442383,10.42,143607982,3467601423.32,3467601444.16,4.191540718078613,78088042.0,093203,093230,1.0,1/1,1.0,轨交设备,,,,,,,,
zt,14,000710,贝瑞基因,9.990009307861328,11.01,306196896,3694156211.58,3892271406.72,8.45534610748291,43684377.0,093227,093227,0.0,1/1,1.0,医疗服务,,,,,,,,
zt,15,002119,康强电子,9.992570877075195,29.61,3358508144,11112159240.0,11112159240.0,30.855295181274414,143093937.0,093315,102727,1.0,2/2,2.0,半导体,,,,,,,,
zt,16,000790,华神科技,10.117647171020508,4.68,154808991,2913968018.52,2919006604.7999997,5.412672996520996,86277204.0,093339,093339,0.0,1/1,1.0,中药Ⅱ,,,,,,,,
zt,17,603396,金辰股份,10.0,35.64,383309984,4937119315.92,4937119315.92,7.966536998748779,72841138.0,093423,093511,1.0,2/2,2.0,光伏设备,,,,,,,,
zt,18,603230,内蒙新华,10.005955696105957,18.47,1311807280,6529569810.0,6529569957.759999,20.419357299804688,16643317.0,093435,141117,6.0,7/6,1.0,出版,,,,,,,,
zt,19,002395,双象股份,10.023492813110352,14.05,232050739,3768336450.0,3768336450.0,6.235474109649658,31754545.0,093515,094318,1.0,1/1,1.0,塑料,,,,,,,,
zt,20,002909,集泰股份,9.94694995880127,8.29,611961232,3153743005.0699997,3233099999.9999995,19.85907554626465,89284129.0,093539,101921,2.0,2/2,2.0,化学制品,,,,,,,,
zt,21,002622,皓宸医疗,10.12145709991455,2.72,139841303,2284732680.0,2284800000.0,6.284623622894287,35267835.0,093642,093642,0.0,4/2,1.0,医疗服务,,,,,,,,
zt,22,000678,襄阳轴承,10.0,9.68,256643527,4449042194.96,4449042146.559999,5.8038225173950195,38513215.0,093700,093700,0.0,1/1,1.0,汽车零部,,,,,,,,
zt,23,002029,七 匹 狼,9.97624683380127,9.26,565685536,6161659180.34,6528517943.36,9.348695755004883,25589084.0,093730,105800,4.0,1/1,1.0,服装家纺,,,,,,,,
zt,24,603278,大业股份,9.988776206970215,9.8,155895113,3349242041.6000004,3349242041.6000004,4.70871639251709,46766776.0,093754,093821,1.0,1/1,1.0,通用设备,,,,,,,,
zt,25,688682,霍莱沃,19.987348556518555,37.94,222120487,3863767676.2999997,3863767676.2999997,5.868490695953369,11694777.0,093937,095340,2.0,1/1,1.0,军工电子,,,,,,,,
zt,26,600792,云煤能源,10.038609504699707,5.7,1020598464,6326564520.0,6326564520.0,16.416526794433594,59100450.0,093954,101145,1.0,1/1,1.0,焦炭Ⅱ,,,,,,,,
zt,27,603767,中马传动,10.0,14.74,157461537,4549228310.0,4549228368.96,3.4949445724487305,71913512.0,094031,101352,1.0,1/1,1.0,汽车零部,,,,,,,,
zt,28,301699,洛轴股份,19.986495971679688,35.54,867521296,2485363697.46,25730960000.0,36.90152359008789,108161938.0,094218,094903,1.0,1/1,1.0,通用设备,,,,,,,,
zt,29,600358,国旅联合,10.0,5.72,194636470,2888237695.2,6653248933.759999,6.827669143676758,14241084.0,094313,102446,7.0,1/1,1.0,广告营销,,,,,,,,
zt,30,605018,长华集团,10.017271041870117,12.74,95819597,5988638202.82,5988638190.08,1.6333458423614502,36697570.0,094645,094645,0.0,1/1,1.0,汽车零部,,,,,,,,
zt,31,002164,宁波东力,10.025274276733398,13.06,921657312,6265863367.58,6950188469.76,14.933106422424316,24716050.0,095030,132209,4.0,1/1,1.0,通用设备,,,,,,,,
zt,32,600815,厦工股份,9.929078102111816,4.65,1335809328,8249539332.000001,8249539332.000001,16.702415466308594,19591380.0,095844,145414,3.0,3/2,1.0,工程机械,,,,,,,,
zt,33,603065,宿迁联盛,10.00676155090332,16.27,704826048,6816602396.44,6816602331.36,10.600253105163574,89086385.0,095848,101118,2.0,1/1,1.0,化学制品,,,,,,,,
zt,34,601218,吉鑫科技,10.0,5.5,788504272,5329684316.0,5329684360.0,15.236946105957031,37167900.0,100221,100406,1.0,1/1,1.0,风电设备,,,,,,,,
zt,35,600843,上工申贝,9.986859321594238,8.37,447214960,3927394250.0999994,5969203437.599999,12.080511093139648,13278084.0,100448,100448,0.0,2/2,2.0,专用设备,,,,,,,,
zt,36,002836,新宏泽,10.044842720031738,12.27,286117120,2827008000.0,2827008000.0,10.665815353393555,28292166.0,102630,102630,0.0,6/3,1.0,包装印刷,,,,,,,,
zt,37,600189,泉阳泉,10.036275863647461,9.1,341477440,6508300089.2,6508300052.8,5.3821492195129395,40469674.0,103531,110719,1.0,1/1,1.0,饮料乳品,,,,,,,,
zt,38,603042,华脉科技,9.982383728027344,18.73,1042459184,3910202014.1600003,3910202014.1600003,27.664175033569336,36482855.0,104309,104524,1.0,4/2,1.0,通信设备,,,,,,,,
zt,39,301689,电科思仪,20.0,83.88,2532466816,4828254593.759999,77832582151.68,56.70772171020508,1448355.0,134027,150000,2.0,1/1,1.0,通用设备,,,,,,,,
zt,40,603375,盛景微,10.006701469421387,49.25,345029344,3141210753.25,4957833349.75,11.590779304504395,68472964.0,134211,134211,0.0,1/1,1.0,半导体,,,,,,,,
zt,41,603970,中农立华,10.036166191101074,12.17,90254673,3271297630.78,3271297557.7599998,2.844399929046631,34516420.0,135611,135611,0.0,1/1,1.0,农化制品,,,,,,,,
zt,42,301311,昆船智能,20.026700973510742,17.98,569676288,4315200000.0,4315200000.0,14.102115631103516,6911206.0,140236,142821,1.0,1/1,1.0,通用设备,,,,,,,,
zt,43,002205,国统股份,9.9827880859375,12.78,201473191,2375076453.8399997,2375076453.8399997,9.413421630859375,41144455.0,141712,142012,1.0,1/1,1.0,水泥,,,,,,,,
zt,44,000592,平潭发展,10.025062561035156,8.78,2717291120,16814511702.22,16961036266.88,17.00530433654785,356540944.0,142342,142342,0.0,1/1,1.0,林业Ⅱ,,,,,,,,
zt,45,300300,海峡创新,19.977802276611328,10.81,1604221024,7208211776.0,7208616675.360001,24.256175994873047,97693331.0,142403,142536,2.0,1/1,1.0,IT服务Ⅱ,,,,,,,,
zt,46,600802,福建水泥,9.966776847839355,6.62,418892400,3033604408.0,3033604408.0,15.379947662353516,76295572.0,142413,142413,0.0,2/2,2.0,水泥,,,,,,,,
zt,47,000905,厦门港务,9.977578163146973,9.81,389999408,7277137431.570001,15130040695.2,5.6306843757629395,118476753.0,143900,143900,0.0,1/1,1.0,航运港口,,,,,,,,
zt,48,000753,漳州发展,10.082304000854492,5.35,445872832,5304423729.849999,5304423735.2,8.728320121765137,79515980.0,143948,143948,0.0,1/1,1.0,综合Ⅱ,,,,,,,,
zt,49,920748,路桥信息,29.985755920410156,36.5,241390811,2568508650.0,2801010000.0,10.469921112060547,11936850.0,144534,144701,1.0,1/1,1.0,IT服务Ⅱ,,,,,,,,
zt,50,002679,福建金森,9.97150993347168,11.58,275290880,2730054480.0,2730054480.0,10.626908302307129,65311200.0,144551,144551,0.0,1/1,1.0,林业Ⅱ,,,,,,,,
zt,51,603122,合富中国,10.022107124328613,14.93,1067561952,5942925810.69,5942925915.2,18.984375,23349027.0,144814,144859,1.0,1/1,1.0,医疗服务,,,,,,,,
zt,52,002264,新 华 都,10.013531684875488,8.13,742802880,5291880999.360001,5852065836.4800005,14.785734176635742,68454591.0,145024,145024,0.0,1/1,1.0,广告营销,,,,,,,,
zbgc,1,000910,大亚圣象,0.26385223865509033,7.6,840876512,4158986950.0,4160221030.3999996,19.101627349853516,,093000,,2.0,5/4,,家居用品,8.34,0.0,12.005276679992676,,,,,
zbgc,2,600156,华升股份,9.036860466003418,9.17,472116272,3687355137.34,3687355155.68,12.82479476928711,,093129,,4.0,0/0,,纺织制造,9.25,0.0,10.107015609741211,,,,,
zbgc,3,002181,粤 传 媒,5.043859958648682,9.58,1344885936,10868865456.32,11122937326.08,12.096304893493652,,093309,,1.0,0/0,,出版,10.03,0.0,10.087719917297363,,,,,
zbgc,4,600831,广电网络,5.089820384979248,3.51,225346433,2495423941.92,2495423941.92,8.934328079223633,,093540,,1.0,0/0,,电视广播,3.67,0.0,11.077844619750977,,,,,
zbgc,5,600641,先导基电,7.866108417510986,51.56,8047256576,47983278675.200005,48887796167.68,16.70765495300293,,094829,,6.0,0/0,,半导体,52.58,0.0,10.251046180725098,,,,,
zbgc,6,001317,三羊马,10.006738662719727,65.3,793141120,5583314360.099999,5587446609.4,14.87098217010498,,101615,,1.0,5/3,,铁路公路,65.3,0.0,11.303908348083496,,,,,
zbgc,7,000504,南华生物,7.60188102722168,13.73,1525092480,4518850524.54,4531217217.92,35.001312255859375,,102312,,4.0,6/4,,医疗服务,14.04,0.0,18.965517044067383,,,,,
zbgc,8,301560,众捷股份,10.976073265075684,29.22,413580160,1707383040.0,3553152000.0,23.96918487548828,,102357,,1.0,0/0,,汽车零部,31.6,0.0,21.762248992919922,,,,,
zbgc,9,600699,均胜电子,5.0627031326293945,22.62,2951694592,31570068135.06,35078430067.200005,9.240038871765137,,103639,,1.0,0/0,,汽车零部,23.68,0.0,11.007896423339844,,,,,
zbgc,10,603937,丽岛新材,4.471858024597168,13.55,364856256,2830486478.05,2830486478.05,13.151127815246582,,105329,,2.0,2/1,,工业金属,14.27,0.0,14.10948371887207,,,,,
strong,1,301311,昆船智能,20.026700973510742,17.98,569676288,4315200000.0,4315200000.0,14.102115631103516,,,,,1/1,,通用设备,17.98,0.0,,是,3.9658901691436768,60日新高,,
strong,2,300300,海峡创新,19.977802276611328,10.81,1604221024,7208211776.0,7208616675.360001,24.256175994873047,,,,,1/1,,IT服务Ⅱ,10.81,0.0,,是,1.4395265579223633,60日新高,,
strong,3,920706,铁拓机械,19.350563049316406,18.01,129510860,858570378.7,1703840462.45,16.201562881469727,,,,,0/0,,工程机械,19.61,0.0555555559694767,,是,2.794604539871216,60日新高,,
strong,4,920445,龙竹科技,13.098591804504395,8.03,68420655,867305291.93,1189684850.75,8.228550910949707,,,,,0/0,,家居用品,9.23,0.0,,是,4.065797328948975,60日新高,,
strong,5,301136,招标股份,12.33108139038086,13.3,325910112,3657156793.5,3660224052.8,9.409235000610352,,,,,0/0,,工程咨询,14.21,0.0,,是,3.9787402153015137,60日新高,,
strong,6,300647,超频三,11.8128662109375,9.56,977062864,4365498887.08,4371988989.440001,22.84937286376953,,,,,0/0,,消费电子,10.26,0.0,,是,2.7151877880096436,60日新高,,
strong,7,301339,通行宝,11.157024383544922,13.45,476733360,7710047629.9,7803924137.599999,6.269372463226318,,,,,0/0,,计算机设,14.52,0.0,,是,5.463183879852295,60日新高,,
strong,8,301560,众捷股份,10.976073265075684,29.22,413580160,1707383040.0,3553152000.0,23.96918487548828,,,,,0/0,,汽车零部,31.6,0.0,,是,5.042330741882324,60日新高,,
strong,9,300599,雄塑科技,10.850202560424805,13.69,341931504,4340073345.2,4902821165.92,8.136816024780273,,,,,0/0,,装修建材,14.82,0.0,,是,2.039771795272827,60日新高,,
strong,10,300192,科德教育,10.283224105834961,25.31,1467277824,11527180831.8,11662864603.359999,12.808049201965332,,,,,0/0,,教育,27.54,0.0,,是,2.377833366394043,60日新高,,
strong,11,002321,华英农业,10.194174766540527,2.27,255370814,4824317520.43,4841660445.28,5.343380928039551,,,,,6/3,,养殖业,2.27,0.0,,否,0.9055351614952087,近期多次涨停,,
strong,12,002622,皓宸医疗,10.12145709991455,2.72,139841303,2284732680.0,2284800000.0,6.284623622894287,,,,,4/2,,医疗服务,2.72,0.0,,否,1.1423076391220093,近期多次涨停,,
strong,13,000790,华神科技,10.117647171020508,4.68,154808991,2913968018.52,2919006604.7999997,5.412672996520996,,,,,1/1,,中药Ⅱ,4.68,0.0,,是,0.911286473274231,60日新高,,
strong,14,000850,华茂股份,10.107526779174805,5.12,70141112,4830076820.4800005,4831564840.96,1.4521738290786743,,,,,2/2,,纺织制造,5.12,0.0,,是,0.6037584543228149,60日新高且近期多次涨停,,
strong,15,600825,新华传媒,10.056657791137695,7.77,46504942,8118778594.5,8118778641.12,0.5728071331977844,,,,,4/4,,出版,7.77,0.0,,是,0.6034989953041077,60日新高且近期多次涨停,,
strong,16,688056,莱伯泰科,10.052909851074219,58.24,338201968,3928431270.4,3928431270.4,8.993029594421387,,,,,2/1,,通用设备,63.5,0.0,,是,4.341538906097412,60日新高,,
strong,17,002238,天威视讯,10.05221939086914,8.43,722575328,6765573718.8,6765573786.24,10.82310962677002,,,,,3/3,,电视广播,8.43,0.0,,是,11.081459999084473,60日新高且近期多次涨停,,
strong,18,002836,新宏泽,10.044842720031738,12.27,286117120,2827008000.0,2827008000.0,10.665815353393555,,,,,6/3,,包装印刷,12.27,0.0,,否,1.178916573524475,近期多次涨停,,
strong,19,002614,奥佳华,10.039629936218262,8.33,463388112,3675823340.63,5195747536.0,12.991484642028809,,,,,4/4,,其他家电,8.33,0.0,,是,1.6671823263168335,60日新高且近期多次涨停,,
strong,20,600189,泉阳泉,10.036275863647461,9.1,341477440,6508300089.2,6508300052.8,5.3821492195129395,,,,,1/1,,饮料乳品,9.1,0.0,,是,2.8183445930480957,60日新高,,
strong,21,603970,中农立华,10.036166191101074,12.17,90254673,3271297630.78,3271297557.7599998,2.844399929046631,,,,,1/1,,农化制品,12.17,0.0,,是,3.0316028594970703,60日新高,,
strong,22,603949,雪龙集团,10.026041030883789,16.9,75458139,3552469130.6,3561450331.3999996,2.1241445541381836,,,,,2/2,,汽车零部,16.9,0.0,,否,2.0351805686950684,近期多次涨停,,
strong,23,002395,双象股份,10.023492813110352,14.05,232050739,3768336450.0,3768336450.0,6.235474109649658,,,,,1/1,,塑料,14.05,0.0,,是,4.954407691955566,60日新高,,
strong,24,603122,合富中国,10.022107124328613,14.93,1067561952,5942925810.69,5942925915.2,18.984375,,,,,1/1,,医疗服务,14.93,0.0,,是,1.4276576042175293,60日新高,,
strong,25,001317,三羊马,10.006738662719727,65.3,793141120,5583314360.099999,5587446609.4,14.87098217010498,,,,,5/3,,铁路公路,65.3,0.0,,否,1.6365246772766113,近期多次涨停,,
strong,26,001234,泰慕士,10.00621509552002,35.4,80434535,3240569100.0,3844071840.0,2.4821114540100098,,,,,4/4,,服装家纺,35.4,0.0,,是,0.7700531482696533,60日新高且近期多次涨停,,
strong,27,603230,内蒙新华,10.005955696105957,18.47,1311807280,6529569810.0,6529569957.759999,20.419357299804688,,,,,7/6,,出版,18.47,0.0,,是,1.6308053731918335,60日新高且近期多次涨停,,
strong,28,601811,新华文轩,10.0,20.35,252607613,16115244365.000002,25108664512.800003,1.5690144300460815,,,,,5/5,,出版,20.35,0.0,,是,0.5692734122276306,60日新高且近期多次涨停,,
strong,29,603396,金辰股份,10.0,35.64,383309984,4937119315.92,4937119315.92,7.966536998748779,,,,,2/2,,光伏设备,35.64,0.0,,是,1.6489412784576416,60日新高且近期多次涨停,,
strong,30,002119,康强电子,9.992570877075195,29.61,3358508144,11112159240.0,11112159240.0,30.855295181274414,,,,,2/2,,半导体,29.61,0.0,,否,2.661400318145752,近期多次涨停,,
strong,31,000710,贝瑞基因,9.990009307861328,11.01,306196896,3694156211.58,3892271406.72,8.45534610748291,,,,,1/1,,医疗服务,11.01,0.0,,是,0.7586217522621155,60日新高,,
strong,32,600843,上工申贝,9.986859321594238,8.37,447214960,3927394250.0999994,5969203437.599999,12.080511093139648,,,,,2/2,,专用设备,8.37,0.0,,否,6.459308624267578,近期多次涨停,,
strong,33,002819,东方中科,9.983498573303223,26.66,493825168,6297051636.76,7946468992.64,7.882258415222168,,,,,2/2,,通用设备,26.66,0.0,,是,4.971304893493652,60日新高且近期多次涨停,,
strong,34,002205,国统股份,9.9827880859375,12.78,201473191,2375076453.8399997,2375076453.8399997,9.413421630859375,,,,,1/1,,水泥,12.78,0.0,,是,3.577188014984131,60日新高,,
strong,35,603042,华脉科技,9.982383728027344,18.73,1042459184,3910202014.1600003,3910202014.1600003,27.664175033569336,,,,,4/2,,通信设备,18.73,0.0,,否,1.1138445138931274,近期多次涨停,,
strong,36,000905,厦门港务,9.977578163146973,9.81,389999408,7277137431.570001,15130040695.2,5.6306843757629395,,,,,1/1,,航运港口,9.81,0.0,,是,1.8333972692489624,60日新高,,
strong,37,300904,威力传动,9.967243194580078,47.0,244895354,1625411904.0,3402011904.0,15.196596145629883,,,,,0/0,,风电设备,51.29,0.0,,是,2.3670597076416016,60日新高,,
strong,38,600802,福建水泥,9.966776847839355,6.62,418892400,3033604408.0,3033604408.0,15.379947662353516,,,,,2/2,,水泥,6.62,0.0,,是,1.7917248010635376,60日新高且近期多次涨停,,
strong,39,002909,集泰股份,9.94694995880127,8.29,611961232,3153743005.0699997,3233099999.9999995,19.85907554626465,,,,,2/2,,化学制品,8.29,0.0,,否,1.3109393119812012,近期多次涨停,,
strong,40,600815,厦工股份,9.929078102111816,4.65,1335809328,8249539332.000001,8249539332.000001,16.702415466308594,,,,,3/2,,工程机械,4.65,0.0,,否,2.9276318550109863,近期多次涨停,,
strong,41,000498,山东路桥,9.922179222106934,5.65,314302752,8188814951.35,8771297480.800001,3.839857339859009,,,,,1/1,,基础建设,5.65,0.0,,是,5.005935192108154,60日新高,,
strong,42,600897,厦门空港,7.973422050476074,16.25,173303053,6775177500.0,6775177500.0,2.606531858444214,,,,,0/0,,航空机场,16.56,0.0,,是,5.055482387542725,60日新高,,
strong,43,600641,先导基电,7.866108417510986,51.56,8047256576,47983278675.200005,48887796167.68,16.70765495300293,,,,,0/0,,半导体,52.58,0.0,,是,1.540623426437378,60日新高,,
strong,44,002849,威星智能,7.6086955070495605,24.75,1205565008,5412610714.5,5460691896.0,22.743976593017578,,,,,2/1,,通用设备,25.3,0.0,,是,2.2419028282165527,60日新高,,
strong,45,000504,南华生物,7.60188102722168,13.73,1525092480,4518850524.54,4531217217.92,35.001312255859375,,,,,6/4,,医疗服务,14.04,0.0,,是,3.9111573696136475,60日新高且近期多次涨停,,
strong,46,300569,天能重工,6.8825907707214355,5.28,399412560,5383741128.4800005,5399994209.280001,7.488806247711182,,,,,0/0,,风电设备,5.93,0.0,,是,2.7406511306762695,60日新高,,
strong,47,000701,厦门信达,6.432748794555664,5.46,149078463,3645896605.2599998,3648989547.84,4.20217752456665,,,,,0/0,,贸易Ⅱ,5.64,0.0,,是,2.587054491043091,60日新高,,
strong,48,603817,海峡环保,6.3903279304504395,6.16,175410682,3511717680.2400002,3511717637.12,5.156809329986572,,,,,0/0,,环境治理,6.37,0.0,,是,2.506368398666382,60日新高,,
strong,49,300897,山科智能,6.379100799560547,17.51,135391280,2109642849.2300003,3429267557.34,6.440845966339111,,,,,0/0,,通用设备,19.75,0.0,,是,4.439765453338623,60日新高,,
strong,50,603116,红蜻蜓,6.074073791503906,7.16,128547391,4125597728.0,4125597728.0,3.1559691429138184,,,,,0/0,,服装家纺,7.43,0.0,,是,2.539081573486328,60日新高,,
strong,51,603373,安邦护卫,5.921601295471191,50.8,279666432,3230989270.7999997,7647311858.0,8.79238510131836,,,,,2/1,,专业服务,52.76,0.0,,是,2.380856513977051,60日新高,,
strong,52,300305,裕兴股份,5.9171600341796875,7.16,299403696,2301767422.52,2687866634.88,12.943832397460938,,,,,0/0,,塑料,8.11,0.0,,是,2.960589647293091,60日新高,,
strong,53,603068,博通集成,5.755395889282227,48.51,1307200192,7363202844.69,7363202844.69,17.82278823852539,,,,,5/3,,半导体,50.46,0.0,,是,1.3580615520477295,60日新高且近期多次涨停,,
strong,54,000411,英特集团,5.465587139129639,10.42,155168530,5874128453.12,5885728163.84,2.6678144931793213,,,,,0/0,,医药商业,10.87,0.0,,是,5.075279712677002,60日新高,,
strong,55,002005,德豪润达,5.263157844543457,2.8,134951509,4905580842.4,4906789619.2,2.783315896987915,,,,,0/0,,小家电,2.93,0.0,,是,1.11607825756073,60日新高,,
strong,56,688315,诺禾致源,5.2088704109191895,20.4,720342864,8490479999.999999,8490479999.999999,8.64803409576416,,,,,0/0,,医疗服务,23.27,0.0,,是,1.5095945596694946,60日新高,,
strong,57,600831,广电网络,5.089820384979248,3.51,225346433,2495423941.92,2495423941.92,8.934328079223633,,,,,0/0,,电视广播,3.67,0.0,,是,4.362786769866943,60日新高,,
strong,58,300960,通业科技,5.0331854820251465,18.99,137600614,2498692806.0,2756311146.0,5.527554988861084,,,,,0/0,,轨交设备,21.7,0.0,,是,1.932327389717102,60日新高,,
strong,59,301226,祥明智能,4.983684539794922,35.39,162005274,3850432000.0,3850432000.0,4.198147773742676,,,,,0/0,,电机Ⅱ,40.45,0.0,,是,1.8480470180511475,60日新高,,
strong,60,000670,盈方微,4.894179821014404,7.93,761960832,6585469110.61,6708339726.4,11.640447616577148,,,,,0/0,,其他电子,8.32,0.0,,是,1.386226773262024,60日新高,,
strong,61,603248,锡华科技,4.885993480682373,22.54,589350224,1611721595.54,10368400000.0,36.868141174316406,,,,,8/4,,风电设备,23.64,0.0,,否,0.9300864934921265,近期多次涨停,,
strong,62,003006,百亚股份,4.863362789154053,22.64,1127180384,9702891927.6,9727226010.880001,11.714134216308594,,,,,0/0,,个护用品,23.75,0.0,,是,1.0660204887390137,60日新高,,
strong,63,603215,比依股份,4.790822982788086,15.53,102091111,2907656741.4,3332661561.3399997,3.5267088413238525,,,,,0/0,,小家电,16.3,0.0,,是,1.6587371826171875,60日新高,,
strong,64,301601,惠通科技,4.394299030303955,17.58,320903440,1295294399.9999998,2469638399.9999995,23.972679138183594,,,,,0/0,,专用设备,20.21,0.0,,是,3.6825151443481445,60日新高,,
strong,65,301189,奥尼电子,4.39393949508667,75.79,1005431344,11970448963.330002,12402270370.490002,8.360569953918457,,,,,0/0,,消费电子,87.12,0.0,,是,1.6191649436950684,60日新高,,
strong,66,603755,日辰股份,4.387416839599609,25.22,99396828,2487037034.8199997,2487037034.8199997,3.9431841373443604,,,,,0/0,,调味发酵,26.58,0.0,,是,3.7742021083831787,60日新高,,
strong,67,603073,彩蝶实业,4.30939245223999,18.88,101945937,2190080000.0,2190080000.0,4.711771488189697,,,,,0/0,,化学纤维,19.91,0.0,,是,1.9973918199539185,60日新高,,
strong,68,002638,勤上股份,4.008438587188721,4.93,558811072,6668712444.37,7082410155.36,8.402101516723633,,,,,2/1,,照明设备,5.21,0.0,,是,3.6716420650482178,60日新高,,
strong,69,600232,金鹰股份,3.987730026245117,6.78,88612964,2472791728.32,2472791728.32,3.5913352966308594,,,,,0/0,,专用设备,7.17,0.0,,是,3.2495715618133545,60日新高,,
strong,70,002494,华斯股份,3.950104236602783,5.0,101991642,1433852190.0,1886553600.0,7.185461521148682,,,,,0/0,,服装家纺,5.29,0.0,,是,1.6213804483413696,60日新高,,
strong,71,301456,盘古智能,3.8998358249664307,25.31,113501505,1735047019.78,3849380815.75,6.5966925621032715,,,,,0/0,,风电设备,29.23,0.0,,是,1.2146239280700684,60日新高,,
strong,72,601956,东贝集团,3.838383674621582,5.14,124246940,3195109272.6,3195109282.8799996,3.8723254203796387,,,,,0/0,,家电零部,5.45,0.0,,是,5.5377326011657715,60日新高,,
strong,73,688678,福立旺,3.8180084228515625,32.63,1422847424,13153365127.630001,13153364964.480001,10.890209197998047,,,,,0/0,,消费电子,37.72,0.0,,是,1.0973855257034302,60日新高,,
strong,74,603955,大千生态,3.790322780609131,25.74,125284213,3493432800.0,4218664352.7599998,3.5838491916656494,,,,,0/0,,基础建设,27.28,0.0,,是,1.7312812805175781,60日新高,,
strong,75,000797,中国武夷,3.7313432693481445,2.78,215498234,4366195800.62,4366696742.719999,5.11182975769043,,,,,0/0,,房地产开,2.95,0.0,,是,1.3923397064208984,60日新高,,
strong,76,601579,会稽山,3.5102038383483887,38.04,2130961072,18238788078.36,18238788040.32,11.61213207244873,,,,,8/4,,非白酒,40.43,0.0,,否,1.2861013412475586,近期多次涨停,,
strong,77,300691,联合光电,3.4351143836975098,21.68,838879328,4785602441.6,5832977290.24,17.461599349975586,,,,,0/0,,计算机设,25.15,0.0,,是,1.608492374420166,60日新高,,
strong,78,001288,运机集团,3.413475751876831,34.84,275406384,5290779022.360001,8144432002.200001,5.254769802093506,,,,,0/0,,专用设备,37.06,0.0,,是,1.411421775817871,60日新高,,
strong,79,301616,浙江华业,3.3530571460723877,36.68,65628914,1041777693.88,2934400000.0,6.2875189781188965,,,,,0/0,,通用设备,42.59,0.0,,是,3.242488384246826,60日新高,,
strong,80,000809,和展能源,3.2835822105407715,3.46,149524457,2853777873.7799997,2853777884.16,5.1842732429504395,,,,,0/0,,风电设备,3.69,0.0,,是,1.6490329504013062,60日新高,,
strong,81,300203,聚光科技,3.2740213871002197,14.51,307382624,6505827297.75,6511182576.0,4.766430377960205,,,,,0/0,,通用设备,16.86,0.0,,是,1.4983917474746704,60日新高,,
strong,82,300491,通合科技,3.2327585220336914,38.32,591070800,6039502807.44,6808454229.68,9.702786445617676,,,,,0/0,,其他电源,44.54,0.0,,是,1.0282235145568848,60日新高,,
strong,83,688283,坤恒顺维,2.9607250690460205,34.08,245070042,4150944000.0,4150944000.0,6.07285737991333,,,,,0/0,,通信设备,39.72,0.0,,是,2.3717405796051025,60日新高,,
strong,84,001326,联域股份,2.943925142288208,110.15,524239168,2645508789.35,8062980000.0,19.83846664428711,,,,,0/0,,照明设备,117.7,0.0,,是,1.0020447969436646,60日新高,,
strong,85,301125,腾亚精工,2.8671329021453857,14.71,86657215,2588864061.38,3052877904.77,3.352433919906616,,,,,0/0,,通用设备,17.16,0.0,,是,1.6274569034576416,60日新高,,
strong,86,603912,佳力图,2.84775447845459,9.39,394174464,5092443863.1,5092443844.320001,7.641036033630371,,,,,0/0,,通用设备,10.04,0.0,,是,2.837331771850586,60日新高,,
strong,87,002285,世联行,2.8391168117523193,3.26,1223074752,6451570582.059999,6496622670.4,19.662824630737305,,,,,7/4,,房地产服,3.49,0.0,,否,1.357236623764038,近期多次涨停,,
strong,88,002098,浔兴股份,2.8117358684539795,8.41,69551493,3010780000.0,3010780000.0,2.3238799571990967,,,,,0/0,,纺织制造,9.0,0.0,,是,1.8469696044921875,60日新高,,
strong,89,301359,东南电子,2.764976978302002,20.07,41677681,1427920831.89,2411932320.0,2.9276163578033447,,,,,0/0,,其他电子,23.44,0.0,,是,1.471248984336853,60日新高,,
strong,90,605058,澳弘电子,2.730375289916992,60.2,1319514272,8604092224.0,8604092224.0,15.594430923461914,,,,,10/7,,元件,64.46,0.0,,是,0.9153435230255127,60日新高且近期多次涨停,,
strong,91,603055,台华新材,2.69978404045105,9.51,144291653,8449443887.04,8466694114.08,1.707220196723938,,,,,0/0,,纺织制造,10.19,0.0,,是,2.9752864837646484,60日新高,,
strong,92,300439,美康生物,2.683896541595459,10.33,86758045,3019790086.83,3965106536.64,2.879807472229004,,,,,0/0,,医疗器械,12.07,0.0,,是,1.8995181322097778,60日新高,,
strong,93,003016,欣贺股份,2.6666667461395264,7.7,52549454,3163797883.4,3238016443.2000003,1.6689399480819702,,,,,0/0,,服装家纺,8.25,0.0,,是,1.2738100290298462,60日新高,,
strong,94,000993,闽东电力,2.656748056411743,19.32,1937310432,8847622110.6,8847622129.92,22.838571548461914,,,,,12/6,,电力,20.7,0.0,,否,1.2011089324951172,近期多次涨停,,
strong,95,688581,安杰思,2.592789888381958,57.77,111947423,2378869120.06,4664387697.12,4.650784492492676,,,,,0/0,,医疗器械,67.57,0.0,,是,2.14923095703125,60日新高,,
strong,96,300676,华大基因,2.49886417388916,45.12,1189050976,18771542064.0,18874466288.64,6.183177947998047,,,,,0/0,,医疗服务,52.82,0.0,,是,1.5156227350234985,60日新高,,
strong,97,301181,标榜股份,2.2868218421936035,26.39,86158733,3093847193.71,3963864136.96,2.7704386711120605,,,,,0/0,,汽车零部,30.96,0.0,,是,0.9703050851821899,60日新高,,
strong,98,600293,三峡新材,2.1621623039245605,3.78,1002297408,4385348273.88,4385348251.2,22.400650024414062,,,,,2/1,,玻璃玻纤,4.07,0.0,,是,2.6467227935791016,60日新高,,
strong,99,688049,炬芯科技,2.1470398902893066,47.1,582903632,8290351904.400001,8290351904.400001,7.038579940795898,,,,,0/0,,半导体,55.33,0.0,,是,1.2988399267196655,60日新高,,
strong,100,300512,中亚股份,2.1447722911834717,7.62,33462920,2486639713.02,3118388805.12,1.3473910093307495,,,,,0/0,,专用设备,8.95,0.0,,是,1.1870263814926147,60日新高,,
strong,101,603519,立霸股份,2.090592384338379,17.58,342280960,4682043409.62,4682043409.62,7.153509616851807,,,,,0/0,,家电零部,18.94,0.0,,是,2.6537458896636963,60日新高,,
strong,102,603238,诺邦股份,1.9936203956604004,12.79,43520850,2270340110.0,2270340110.0,1.9144437313079834,,,,,0/0,,个护用品,13.79,0.0,,是,1.1861913204193115,60日新高,,
strong,103,001207,联科科技,1.8671059608459473,18.55,123865274,5428139806.6,5623205151.2,2.2791621685028076,,,,,0/0,,橡胶,20.03,0.0,,是,1.1858434677124023,60日新高,,
strong,104,605003,众望布艺,1.847389578819275,25.36,36363221,2789600000.0,2789600000.0,1.3013635873794556,,,,,0/0,,服装家纺,27.39,0.0,,是,1.0612634420394897,60日新高,,
strong,105,688112,鼎阳科技,1.8264045715332031,117.08,1329709296,18685603061.64,18685603061.64,7.056316375732422,,,,,0/0,,通用设备,137.98,0.0,,是,1.1647522449493408,60日新高,,
strong,106,300915,海融科技,1.809355616569519,23.07,47879637,1328836337.16,2903111912.76,3.6093666553497314,,,,,0/0,,饮料乳品,27.19,0.0,,是,1.0886399745941162,60日新高,,
strong,107,600493,凤竹纺织,1.7322834730148315,6.46,42511648,1757120000.0,1757120000.0,2.423595666885376,,,,,0/0,,纺织制造,6.99,0.0,,是,0.8648918867111206,60日新高,,
strong,108,301529,福赛科技,1.7277486324310303,136.01,702877504,8645703330.74,16106818861.839998,8.106189727783203,,,,,0/0,,汽车零部,160.44,0.0,,是,1.2419277429580688,60日新高,,
strong,109,001380,华纬科技,1.647183895111084,19.13,78939370,4452170142.45,5181440999.04,1.7671663761138916,,,,,0/0,,汽车零部,20.7,0.0,,是,2.459301233291626,60日新高,,
strong,110,603041,美思德,1.5611448287963867,11.71,35614932,2144659473.3200002,2144659473.3200002,1.6625052690505981,,,,,0/0,,化学制品,12.68,0.0,,是,1.2898677587509155,60日新高,,
strong,111,605122,四方新材,1.5573770999908447,12.39,46666514,2135466060.0,2135466060.0,2.1816649436950684,,,,,0/0,,水泥,13.42,0.0,,是,1.4141453504562378,60日新高,,
strong,112,301083,百胜智能,1.529902696609497,14.6,35806606,1269381188.2,2596853338.2,2.8050265312194824,,,,,0/0,,专用设备,17.26,0.0,,是,1.378554105758667,60日新高,,
strong,113,603580,艾艾精工,1.5214028358459473,78.74,921621056,10289207768.0,10289207768.0,8.9625825881958,,,,,4/2,,塑料,85.32,0.0,,否,1.2051658630371094,近期多次涨停,,
strong,114,688512,慧智微-U,1.5011546611785889,17.58,1214077088,5753362579.679999,8313521243.5199995,20.989763259887695,,,,,2/1,,半导体,20.78,0.0,,是,3.4343931674957275,60日新高,,
strong,115,300417,南华仪器,1.4937759637832642,12.23,43075276,1072753691.74,1645707936.0,4.020797252655029,,,,,0/0,,通用设备,14.46,0.0,,是,0.9495759606361389,60日新高,,
strong,116,600674,川投能源,1.3707164525985718,16.27,403904720,79309853091.56,79309853416.95999,0.5116738677024841,,,,,0/0,,电力,17.66,0.0,,是,0.9712684750556946,60日新高,,
strong,117,002813,路畅科技,1.3157894611358643,23.1,52268970,2769506493.6000004,2772000000.0,1.8774387836456299,,,,,0/0,,汽车零部,25.08,0.0,,是,1.7843892574310303,60日新高,,
strong,118,001368,通达创智,1.2523314952850342,38.0,368731424,4107062762.0,4298566232.0,8.88766860961914,,,,,0/0,,文娱用品,41.28,0.0,,是,1.5477728843688965,60日新高,,
strong,119,300736,百邦科技,1.2445731163024902,34.98,164960006,4368576993.0,4475142653.5199995,3.786405086517334,,,,,0/0,,其他电子,41.46,0.0,,是,1.0438436269760132,60日新高,,
strong,120,600177,雅戈尔,1.2210012674331665,8.29,170950844,37333533624.57,38328333516.799995,0.4577987492084503,,,,,0/0,,服装家纺,9.01,0.0,,是,1.0620805025100708,60日新高,,
strong,121,301010,晶雪节能,1.2010444402694702,19.38,81721062,2093040000.0,2093040000.0,3.8847649097442627,,,,,0/0,,装修建材,22.98,0.0,,是,0.9390326142311096,60日新高,,
strong,122,688057,金达莱,1.175869107246399,19.79,193032560,5462040000.0,5462040000.0,3.5488054752349854,,,,,0/0,,环境治理,23.47,0.0,,是,1.8076454401016235,60日新高,,
strong,123,002022,科华生物,1.1570247411727905,6.12,196575813,3147663179.88,3252150668.16,6.13278341293335,,,,,0/0,,医疗器械,6.66,0.0,,是,1.5449862480163574,60日新高,,
strong,124,300239,东宝生物,1.1342154741287231,5.35,66365641,3155307030.25,3175883948.7999997,2.0982167720794678,,,,,0/0,,生物制品,6.35,0.0,,是,1.2354274988174438,60日新高,,
strong,125,600630,龙头股份,1.055099606513977,8.62,987104080,3662306966.14,3662306991.9999995,27.582439422607422,,,,,6/3,,服装家纺,9.38,0.0,,否,1.7520983219146729,近期多次涨停,,
strong,126,301353,普莱得,1.0334645509719849,20.53,38407842,838175702.69,2607656402.69,4.604761123657227,,,,,0/0,,通用设备,24.38,0.0,,是,1.3999998569488525,60日新高,,
strong,127,301223,中荣股份,1.030368685722351,18.63,14540852,3597966442.7999997,3597966442.7999997,0.4063982367515564,,,,,0/0,,包装印刷,22.13,0.0,,是,0.8502025008201599,60日新高,,
strong,128,603709,中源家居,0.8661417365074158,12.81,38818317,2083444673.3100002,2091041105.7900002,1.858725905418396,,,,,0/0,,家居用品,13.97,0.0,,是,1.1337336301803589,60日新高,,
strong,129,300833,浩洋股份,0.8460634350776672,42.91,60183916,3486586698.0699997,5427707355.0,1.71586012840271,,,,,0/0,,专用设备,51.06,0.0,,是,1.4819023609161377,60日新高,,
strong,130,603489,八方股份,0.5770536065101624,29.63,60323667,6951730717.7699995,6951730717.7699995,0.8688204288482666,,,,,0/0,,电机Ⅱ,32.41,0.0,,是,0.8723074793815613,60日新高,,
strong,131,301108,洁雅股份,0.4077669680118561,51.71,151624629,3352499692.65,5820283790.92,4.5197858810424805,,,,,0/0,,个护用品,61.8,0.0,,是,1.08383309841156,60日新高,,
strong,132,002562,兄弟科技,0.40160641074180603,5.0,250140901,4067888580.0,5714109600.0,6.020328044891357,,,,,0/0,,化学制品,5.48,0.0,,是,2.4937374591827393,60日新高,,
strong,133,002795,永和智控,0.37926673889160156,7.94,156213718,3445788075.1800003,3506998146.56,4.506239414215088,,,,,0/0,,通用设备,8.7,0.0,,是,0.6461315155029297,60日新高,,
strong,134,300613,富瀚微,0.33491164445877075,86.88,1107194896,19086676235.52,20233928894.399998,5.740466594696045,,,,,0/0,,半导体,103.91,0.0,,是,0.7578568458557129,60日新高,,
strong,135,001216,华瓷股份,0.3179088830947876,28.4,1222641488,7010148051.599999,8291616742.4,17.3629150390625,,,,,8/6,,家居用品,31.14,0.0,,是,1.9131758213043213,60日新高且近期多次涨停,,
strong,136,002492,恒基达鑫,0.3174603283405304,6.32,61660160,2514315462.0,2559600000.0,2.430431365966797,,,,,0/0,,物流,6.93,0.0,,是,0.9860199689865112,60日新高,,
strong,137,600448,华纺股份,0.3067484498023987,3.27,516531872,2059510294.74,2059510301.28,24.64466094970703,,,,,6/3,,纺织制造,3.59,0.0,,否,0.973343014717102,近期多次涨停,,
strong,138,605183,确成股份,0.30376672744750977,16.51,31666770,6809210136.950001,6854694444.000001,0.4638853967189789,,,,,0/0,,橡胶,18.11,0.0,,是,0.7918041944503784,60日新高,,
strong,139,688329,艾隆科技,0.3010752499103546,23.32,37844262,1800304000.0,1800304000.0,2.08365797996521,,,,,0/0,,自动化设,27.9,0.0,,是,0.9609217643737793,60日新高,,
strong,140,002774,快意电梯,0.2871912717819214,17.46,239283965,4919737985.1,5878570803.84,4.815153121948242,,,,,0/0,,专用设备,19.15,0.0,,是,0.778018593788147,60日新高,,
strong,141,000910,大亚圣象,0.26385223865509033,7.6,840876512,4158986950.0,4160221030.3999996,19.101627349853516,,,,,5/4,,家居用品,8.34,0.0,,是,3.4446449279785156,60日新高且近期多次涨停,,
strong,142,300800,力合科技,0.18993352353572845,10.55,22272557,2471645560.0,2497807450.0,0.9002506136894226,,,,,0/0,,环保设备,12.64,0.0,,是,0.6179984211921692,60日新高,,
strong,143,001228,永泰运,0.18741632997989655,37.42,196025900,2988533668.78,3886613668.78,6.53844690322876,,,,,0/0,,物流,41.09,0.0,,是,1.7148590087890625,60日新高,,
strong,144,300851,交大思诺,0.12165450304746628,24.69,23169447,1399022481.63,2146385646.0,1.6562682390213013,,,,,0/0,,轨交设备,29.59,0.0,,是,0.9834526181221008,60日新高,,
strong,145,301166,优宁维,-0.030275506898760796,33.02,114566933,1863003853.3600001,2845282813.36,6.04266881942749,,,,,0/0,,生物制品,39.64,0.0,,是,1.2018176317214966,60日新高,,
strong,146,002633,申科股份,-0.06301196664571762,15.86,208412698,2372086039.18,2379000000.0,8.872322082519531,,,,,2/1,,通用设备,17.46,0.0,,是,5.101167678833008,60日新高,,
strong,147,002780,三夫户外,-0.06702413409948349,14.91,129791121,1976995937.91,2465543140.83,6.548067569732666,,,,,0/0,,服装家纺,16.41,0.0,,是,0.6696317195892334,60日新高,,
strong,148,603303,得邦照明,-0.0681430995464325,29.33,87587236,13988784384.75,13988784414.08,0.624640941619873,,,,,0/0,,照明设备,32.29,0.0,,是,0.8643761873245239,60日新高,,
strong,149,000739,普洛药业,-0.0789889395236969,25.3,399584528,29296886991.9,29308622675.2,1.3615328073501587,,,,,0/0,,化学制药,27.85,0.0,,是,0.915554404258728,60日新高,,
strong,150,300902,国安达,-0.10660981386899948,18.74,125961480,2373867724.12,3406995135.06,5.236484527587891,,,,,0/0,,专用设备,22.51,0.0,,是,1.3441839218139648,60日新高,,
strong,151,601998,中信银行,-0.4419889450073242,9.01,377804400,367274623575.87,501362911782.39996,0.10236246883869171,,,,,0/0,,银行Ⅱ,9.96,0.0,,是,0.9371599555015564,60日新高,,
strong,152,002612,朗姿股份,-0.5223447680473328,17.14,284148704,4479697150.78,7583513744.64,6.155373573303223,,,,,0/0,,医疗美容,18.95,0.0,,是,1.9238131046295166,60日新高,,
strong,153,688217,睿昂基因,-0.5428460240364075,25.65,26621916,1432703732.3999999,1432703732.3999999,1.8472391366958618,,,,,0/0,,医疗器械,30.95,0.0,,是,0.9966164231300354,60日新高,,
strong,154,301193,家联科技,-0.5430241823196411,23.81,286514672,4385359348.29,5735389253.11,6.359678268432617,,,,,0/0,,家居用品,28.73,0.0,,是,1.4486891031265259,60日新高,,
strong,155,603266,天龙股份,-0.5506607890129089,18.06,123698043,3591894704.9999995,3591894704.9999995,3.3769047260284424,,,,,0/0,,汽车零部,19.98,0.0,,是,0.5923004150390625,60日新高,,
strong,156,002178,延华智能,-0.5882353186607361,5.07,403352304,3608982830.3100004,3610615750.5600004,11.05702018737793,,,,,4/2,,软件开发,5.61,0.0,,否,1.2749415636062622,近期多次涨停,,
strong,157,002145,钛能化学,-0.6172839403152466,4.83,429984992,18385270666.14,18386226610.08,2.308703899383545,,,,,0/0,,化学原料,5.35,0.0,,是,0.8455038070678711,60日新高,,
strong,158,600637,东方明珠,-0.78125,8.89,355641152,29887289373.13,29887289435.36,1.1818649768829346,,,,,0/0,,电视广播,9.86,0.0,,是,0.85929936170578,60日新高,,
strong,159,002259,升达林业,-0.8368200659751892,4.74,164039732,3566035985.58,3566036009.28,4.64353609085083,,,,,4/2,,燃气Ⅱ,5.26,0.0,,否,0.8805838227272034,近期多次涨停,,
strong,160,301314,科瑞思,-0.8550488352775574,48.7,59990118,889133578.1,2690675000.0,6.71055269241333,,,,,0/0,,通信设备,58.94,0.0,,是,1.1028406620025635,60日新高,,
strong,161,301046,能辉科技,-0.8913168907165527,34.47,240968189,4487822684.099999,5811212159.099999,5.291515350341797,,,,,0/0,,专业工程,41.74,0.0,,是,1.221437692642212,60日新高,,
strong,162,603216,梦天家居,-0.8924776911735535,23.32,360585760,5193130800.0,5193130800.0,6.700748920440674,,,,,0/0,,家居用品,25.88,0.0,,是,1.5479183197021484,60日新高,,
strong,163,688468,科美诊断,-0.9104704260826111,6.53,16951661,2619235240.0,2619235240.0,0.6426785588264465,,,,,0/0,,医疗器械,7.91,0.0,,是,0.7456603050231934,60日新高,,
strong,164,300685,艾德生物,-0.9519276022911072,20.81,428661072,8107302619.03,8118088546.08,5.225549221038818,,,,,0/0,,医疗器械,25.21,0.0,,是,1.136466145515442,60日新高,,
strong,165,603920,世运电路,-1.0008703470230103,45.5,1936236656,32786950423.5,32786950560.0,5.740362644195557,,,,,0/0,,元件,50.56,0.0,,是,1.0626417398452759,60日新高,,
strong,166,301107,瑜欣电子,-1.0176124572753906,25.29,68308302,2052554861.7,3595954448.52,3.3293144702911377,,,,,0/0,,通用设备,30.66,0.0,,是,0.596997857093811,60日新高,,
strong,167,301272,英华特,-1.0930492877960205,35.29,20732356,1400530338.67,2060811426.3,1.4661424160003662,,,,,0/0,,通用设备,42.82,0.0,,是,0.7793750166893005,60日新高,,
strong,168,688025,杰普特,-1.156095027923584,444.59,1609605456,42258022971.57,42258022971.57,3.7048609256744385,,,,,0/0,,自动化设,539.75,0.0,,是,1.098832368850708,60日新高,,
strong,169,301290,东星医疗,-1.2387009859085083,29.5,103475155,2347566753.0,2955113353.0,4.317760944366455,,,,,0/0,,医疗器械,35.84,0.0,,是,1.720116138458252,60日新高,,
strong,170,002296,辉煌科技,-1.2565444707870483,9.43,74084186,3276127636.92,3673743322.88,2.239854335784912,,,,,0/0,,通信设备,10.51,0.0,,是,0.8050480484962463,60日新高,,
strong,171,688393,安必平,-1.4203284978866577,22.21,68591630,2078138594.79,2078138594.79,3.2758891582489014,,,,,0/0,,医疗器械,27.04,0.0,,是,0.921629011631012,60日新高,,
strong,172,000782,恒申新材,-1.440576195716858,8.21,88635172,4336026304.830001,5636834147.84,2.0287060737609863,,,,,0/0,,化学纤维,9.16,0.0,,是,0.7547903656959534,60日新高,,
strong,173,603997,继峰股份,-1.4654570817947388,14.12,367037360,17964379879.68,17964379879.68,2.0242507457733154,,,,,0/0,,汽车零部,15.76,0.0,,是,0.6610494256019592,60日新高,,
strong,174,301041,金百泽,-1.4686598777770996,37.57,401406672,2968136661.23,4007967600.0,13.338263511657715,,,,,0/0,,元件,45.76,0.0,,是,0.850143551826477,60日新高,,
strong,175,688395,正弦电气,-1.5321375131607056,26.35,62702270,2281849922.0,2281849922.0,2.701414108276367,,,,,0/0,,自动化设,32.11,0.0,,是,1.5563899278640747,60日新高,,
strong,176,600127,金健米业,-1.5522388219833374,16.49,4318063104,10583005264.82,10583005231.839998,41.311431884765625,,,,,6/3,,农产品加,18.43,0.0,,是,1.1606923341751099,60日新高且近期多次涨停,,
strong,177,002453,华软科技,-1.5686275959014893,5.02,383918304,3228369419.56,4078082942.3999996,11.95274829864502,,,,,6/3,,化学制品,5.61,0.0,,否,0.9622533321380615,近期多次涨停,,
strong,178,300611,美力科技,-1.9386675357818604,27.82,72345791,4125788903.6,5872097597.6,1.7373818159103394,,,,,0/0,,汽车零部,34.04,0.0,,是,0.6847409009933472,60日新高,,
strong,179,301047,义翘神州,-2.0933334827423096,146.86,1864150352,17561610000.06,17863571930.120003,10.341418266296387,,,,,0/0,,生物制品,180.0,0.0,,是,0.9551347494125366,60日新高,,
strong,180,300804,广康生化,-2.138580083847046,45.76,47443618,1258400000.0,3386240000.0,3.729090929031372,,,,,0/0,,农化制品,56.11,0.0,,是,0.7829917669296265,60日新高,,
strong,181,600418,江淮汽车,-2.2174839973449707,22.93,4097068208,51688306011.35,51688305942.56,7.774406433105469,,,,,3/2,,商用车,25.8,0.0,,否,1.5653629302978516,近期多次涨停,,
strong,182,301251,威尔高,-2.2246696949005127,88.78,1356142720,15432907944.800001,16740719555.08,8.536840438842773,,,,,0/0,,元件,108.96,0.0,,是,0.9706527590751648,60日新高,,
strong,183,301157,华塑科技,-2.259303092956543,66.19,44632390,3207592022.68,3971400000.0,1.373906135559082,,,,,0/0,,其他电源,81.26,0.0,,是,0.6736957430839539,60日新高,,
strong,184,002734,利民股份,-2.263779640197754,19.86,686825344,8571683919.24,9366443107.199999,7.811652183532715,,,,,0/0,,农化制品,22.35,0.0,,是,1.1454248428344727,60日新高,,
strong,185,600721,百花医药,-2.784048318862915,12.92,2004408992,4968355444.2,4968355405.44,39.685359954833984,,,,,6/3,,医疗服务,14.62,0.0,,否,1.0306633710861206,近期多次涨停,,
strong,186,688628,优利德,-3.102062225341797,110.89,1593628976,12463247350.32,12463247350.32,12.62537670135498,,,,,2/1,,通用设备,137.33,0.0,,是,1.6665058135986328,60日新高,,
strong,187,603001,奥康国际,-3.1353135108947754,11.74,248158381,4707505200.0,4707505200.0,5.161554336547852,,,,,0/0,,服装家纺,13.33,0.0,,是,0.8005678057670593,60日新高,,
strong,188,603020,爱普股份,-3.4482758045196533,12.88,236768143,4838214529.12,4838214554.88,4.792036533355713,,,,,4/2,,化学制品,14.67,0.0,,否,0.729853630065918,近期多次涨停,,
strong,189,688296,和达科技,-3.734729528427124,27.58,190317057,2961903352.7999997,2961903352.7999997,6.226905822753906,,,,,0/0,,软件开发,34.38,0.0,,是,0.6721702814102173,60日新高,,
strong,190,605507,国邦医药,-3.8767921924591064,18.1,148737941,14160587490.000002,14160587417.6,1.0376325845718384,,,,,0/0,,化学制药,20.71,0.0,,是,0.5060206651687622,60日新高,,
strong,191,300829,金丹科技,-4.038997173309326,27.56,1370565088,4633713262.36,6263701948.92,28.682262420654297,,,,,0/0,,化学制品,34.46,0.0,,是,1.433100938796997,60日新高,,
strong,192,603803,瑞斯康达,-4.118104457855225,12.34,954249280,5243063093.38,5243063031.68,17.777278900146484,,,,,2/1,,通信设备,14.16,0.0,,是,4.2454681396484375,60日新高,,
strong,193,000756,新华制药,-4.198210716247559,13.92,991805168,6944310921.12,9697833484.8,13.89521598815918,,,,,4/2,,化学制药,15.98,0.0,,否,1.5406277179718018,近期多次涨停,,
strong,194,600605,汇通能源,-4.302435874938965,30.25,565805024,6240043477.25,6240043477.25,8.927364349365234,,,,,2/1,,一般零售,34.77,0.0,,是,2.396909713745117,60日新高,,
strong,195,002708,光洋股份,-4.416037559509277,16.45,650402704,8383419273.95,9246511573.6,7.623183727264404,,,,,0/0,,汽车零部,18.93,0.0,,是,1.157453179359436,60日新高,,
strong,196,688203,海正生材,-5.102880477905273,23.06,908837904,4673756248.08,4673756248.08,18.663856506347656,,,,,0/0,,塑料,29.16,0.0,,是,2.4074087142944336,60日新高,,
strong,197,000560,我爱我家,-5.181347370147705,3.66,2936520448,8574238515.54,8621133103.68,33.081451416015625,,,,,4/3,,房地产服,4.25,0.0,,是,1.9436008930206299,60日新高且近期多次涨停,,
strong,198,603991,领先股份,-5.216360569000244,175.89,1093343824,15748574633.22,26860110891.899998,6.89595890045166,,,,,2/1,,半导体,204.13,0.0,,是,1.5014691352844238,60日新高,,
strong,199,002303,美盈森,-5.223880767822266,6.35,911562896,6777758383.75,9723905368.0,13.167264938354492,,,,,4/2,,包装印刷,7.37,0.0,,否,1.3522757291793823,近期多次涨停,,
strong,200,300110,华仁药业,-5.479452133178711,3.45,826806336,4075916619.15,4078634767.2000003,20.07027816772461,,,,,4/2,,化学制药,4.38,0.0,,否,1.3371655941009521,近期多次涨停,,
strong,201,603328,依顿电子,-6.184210777282715,14.26,1193147888,14237791632.86,14237791590.08,8.27738094329834,,,,,2/1,,元件,16.72,0.0,,是,1.241942286491394,60日新高,,
strong,202,688131,皓元医药,-6.1882758140563965,103.54,724483776,22078260370.640003,22078260370.640003,3.1771693229675293,,,,,0/0,,医疗服务,132.44,0.0,,是,1.1130582094192505,60日新高,,
strong,203,688656,浩欧博,-6.303176403045654,132.15,229135085,8393985765.150001,8393985765.150001,2.6520931720733643,,,,,2/1,,医疗器械,169.25,0.0,,是,1.9230855703353882,60日新高,,
strong,204,600371,万向德农,-8.275463104248047,15.85,1549957472,4637361300.0,4637361300.0,30.988933563232422,,,,,2/1,,种植业,19.01,0.0,,是,1.1293748617172241,60日新高,,
strong,205,600743,华远控股,-9.219858169555664,2.56,796693680,6006018237.440001,6006018252.8,12.943885803222656,,,,,4/3,,房地产服,3.1,0.0,,是,8.066204071044922,60日新高且近期多次涨停,,
strong,206,600503,华丽家族,-9.863945960998535,2.65,475416016,4246068500.0,4246068500.0,11.164752006530762,,,,,4/3,,房地产开,3.23,0.0,,否,1.1739790439605713,近期多次涨停,,
strong,207,603636,南威软件,-9.875142097473145,7.94,870467136,4608062552.62,4608062592.320001,18.503021240234375,,,,,4/3,,IT服务Ⅱ,9.69,0.0,,否,3.3789546489715576,近期多次涨停,,
strong,208,600664,哈药股份,-9.955751419067383,8.14,4120296768,20500670390.640003,20500670358.08,19.28339958190918,,,,,4/2,,化学制药,9.94,0.0,,否,1.1126644611358643,近期多次涨停,,
strong,209,000607,华媒控股,-10.044642448425293,4.03,488481952,3566800537.0400004,4101324616.48,13.418241500854492,,,,,4/2,,广告营销,4.93,0.0,,否,2.0722298622131348,近期多次涨停,,
strong,210,688428,诺诚健华,-10.59880256652832,29.86,950806144,8163840573.44,52842887979.84,11.089212417602539,,,,,0/0,,化学制药,40.08,0.0,,是,2.051602602005005,60日新高,,
previous,1,000560,我爱我家,-5.181347370147705,3.66,2936520448,8574238515.54,8621133103.68,33.081451416015625,,,,,4/3,,房地产服,4.25,0.0,13.212434768676758,,,,103139,3.0
previous,2,000850,华茂股份,10.107526779174805,5.12,70141112,4830076820.4800005,4831564840.96,1.4521738290786743,,,,,2/2,,纺织制造,5.12,0.0,0.0,,,,093136,1.0
previous,3,000910,大亚圣象,0.26385223865509033,7.6,840876512,4158986950.0,4160221030.3999996,19.101627349853516,,,,,5/4,,家居用品,8.34,0.0,12.005276679992676,,,,093039,4.0
previous,4,001234,泰慕士,10.00621509552002,35.4,80434535,3240569100.0,3844071840.0,2.4821114540100098,,,,,4/4,,服装家纺,35.4,0.0,0.0,,,,092500,3.0
previous,5,002119,康强电子,9.992570877075195,29.61,3358508144,11112159240.0,11112159240.0,30.855295181274414,,,,,2/2,,半导体,29.61,0.0,5.943536281585693,,,,110703,1.0
previous,6,002238,天威视讯,10.05221939086914,8.43,722575328,6765573718.8,6765573786.24,10.82310962677002,,,,,3/3,,电视广播,8.43,0.0,5.483028888702393,,,,092500,2.0
previous,7,002286,保龄宝,-3.3142857551574707,8.46,383393584,3127573745.28,3214608600.9600005,12.014348983764648,,,,,2/1,,农产品加,9.63,0.0,5.485714435577393,,,,101254,1.0
previous,8,002426,胜利精密,-5.405405521392822,2.8,997478416,8944030928.0,9527352576.0,10.907517433166504,,,,,2/1,,消费电子,3.26,0.0,6.418918609619141,,,,093351,1.0
previous,9,002541,鸿路钢构,-7.262569427490234,18.26,370400784,9654293317.68,13193793968.960001,3.7687618732452393,,,,,2/1,,专业工程,21.66,0.0,7.313357353210449,,,,141251,1.0
previous,10,002614,奥佳华,10.039629936218262,8.33,463388112,3675823340.63,5195747536.0,12.991484642028809,,,,,4/4,,其他家电,8.33,0.0,10.964332580566406,,,,102051,3.0
previous,11,002633,申科股份,-0.06301196664571762,15.86,208412698,2372086039.18,2379000000.0,8.872322082519531,,,,,2/1,,通用设备,17.46,0.0,11.279143333435059,,,,111709,1.0
previous,12,002635,安洁科技,-5.836807727813721,15.81,1060286448,6253378453.29,10429648055.04,16.769060134887695,,,,,2/1,,消费电子,18.47,0.0,5.658130168914795,,,,095345,1.0
previous,13,002638,勤上股份,4.008438587188721,4.93,558811072,6668712444.37,7082410155.36,8.402101516723633,,,,,2/1,,照明设备,5.21,0.0,10.759493827819824,,,,141342,1.0
previous,14,002819,东方中科,9.983498573303223,26.66,493825168,6297051636.76,7946468992.64,7.882258415222168,,,,,2/2,,通用设备,26.66,0.0,3.30033016204834,,,,111212,1.0
previous,15,002849,威星智能,7.6086955070495605,24.75,1205565008,5412610714.5,5460691896.0,22.743976593017578,,,,,2/1,,通用设备,25.3,0.0,12.30434799194336,,,,101742,1.0
previous,16,002909,集泰股份,9.94694995880127,8.29,611961232,3153743005.0699997,3233099999.9999995,19.85907554626465,,,,,2/2,,化学制品,8.29,0.0,8.222811698913574,,,,104621,1.0
previous,17,002935,天奥电子,3.196347236633301,18.08,545664368,7504843164.639999,7626816286.719999,7.238770484924316,,,,,2/1,,军工电子,19.27,0.0,13.01369857788086,,,,130551,1.0
previous,18,002937,兴瑞科技,0.39827412366867065,30.25,775437408,9534337447.25,9559294272.0,8.162948608398438,,,,,2/1,,汽车零部,33.14,0.0,6.405575752258301,,,,141127,1.0
previous,19,002989,中天精装,-7.618025779724121,25.83,392342864,5110085592.36,5207781109.86,7.521142482757568,,,,,2/1,,装修装饰,30.76,0.0,6.187410831451416,,,,112557,1.0
previous,20,300931,通用电梯,-9.109838485717773,17.46,750051728,3412144996.38,4245765660.0,22.16254234313965,,,,,2/1,,专用设备,23.05,0.0,14.159292221069336,,,,145445,1.0
previous,21,301150,中一科技,-6.504064559936523,46.0,2161542592,13976594276.0,14899579584.0,15.031789779663086,,,,,2/1,,电池,59.04,0.0,11.321137428283691,,,,103451,1.0
previous,22,600230,沧州大化,-3.2388665676116943,14.34,615698800,5936200955.1,5936200854.72,10.088183403015137,,,,,2/1,,化学制品,16.3,0.0,6.612685203552246,,,,100119,1.0
previous,23,600293,三峡新材,2.1621623039245605,3.78,1002297408,4385348273.88,4385348251.2,22.400650024414062,,,,,2/1,,玻璃玻纤,4.07,0.0,12.432432174682617,,,,093216,1.0
previous,24,600371,万向德农,-8.275463104248047,15.85,1549957472,4637361300.0,4637361300.0,30.988933563232422,,,,,2/1,,种植业,19.01,0.0,17.01388931274414,,,,131602,1.0
previous,25,600418,江淮汽车,-2.2174839973449707,22.93,4097068208,51688306011.35,51688305942.56,7.774406433105469,,,,,3/2,,商用车,25.8,0.0,4.9893388748168945,,,,144141,2.0
previous,26,600503,华丽家族,-9.863945960998535,2.65,475416016,4246068500.0,4246068500.0,11.164752006530762,,,,,4/3,,房地产开,3.23,0.0,3.7414963245391846,,,,145638,3.0
previous,27,600605,汇通能源,-4.302435874938965,30.25,565805024,6240043477.25,6240043477.25,8.927364349365234,,,,,2/1,,一般零售,34.77,0.0,5.409680366516113,,,,110311,1.0
previous,28,600653,申华控股,-5.882352828979492,1.76,235764600,3425629357.92,3425629363.2,6.8892316818237305,,,,,2/1,,汽车服务,2.06,0.0,5.347593307495117,,,,094509,1.0
previous,29,600743,华远控股,-9.219858169555664,2.56,796693680,6006018237.440001,6006018252.8,12.943885803222656,,,,,4/3,,房地产服,3.1,0.0,12.765957832336426,,,,093010,3.0
previous,30,600802,福建水泥,9.966776847839355,6.62,418892400,3033604408.0,3033604408.0,15.379947662353516,,,,,2/2,,水泥,6.62,0.0,18.106311798095703,,,,100124,1.0
previous,31,600825,新华传媒,10.056657791137695,7.77,46504942,8118778594.5,8118778641.12,0.5728071331977844,,,,,4/4,,出版,7.77,0.0,0.0,,,,092500,3.0
previous,32,600843,上工申贝,9.986859321594238,8.37,447214960,3927394250.0999994,5969203437.599999,12.080511093139648,,,,,2/2,,专用设备,8.37,0.0,15.374506950378418,,,,132156,1.0
previous,33,601811,新华文轩,10.0,20.35,252607613,16115244365.000002,25108664512.800003,1.5690144300460815,,,,,5/5,,出版,20.35,0.0,2.270270347595215,,,,093016,4.0
previous,34,603067,振华股份,2.5840439796447754,40.89,2457828048,30893433769.56,30893433933.12,7.901304244995117,,,,,2/1,,化学原料,43.85,0.0,7.5514302253723145,,,,134254,1.0
previous,35,603124,江南新材,-9.089655876159668,131.82,1470116592,10230393334.199999,19212132132.18,14.021812438964844,,,,,2/1,,金属新材,159.5,0.0,9.496551513671875,,,,130243,1.0
previous,36,603222,济民健康,-7.4944071769714355,8.27,474559168,4342499386.05,4342499328.16,10.541775703430176,,,,,2/1,,医疗器械,9.83,0.0,8.836688995361328,,,,095752,1.0
previous,37,603328,依顿电子,-6.184210777282715,14.26,1193147888,14237791632.86,14237791590.08,8.27738094329834,,,,,2/1,,元件,16.72,0.0,8.61842155456543,,,,101837,1.0
previous,38,603373,安邦护卫,5.921601295471191,50.8,279666432,3230989270.7999997,7647311858.0,8.79238510131836,,,,,2/1,,专业服务,52.76,0.0,7.256046772003174,,,,131701,1.0
previous,39,603396,金辰股份,10.0,35.64,383309984,4937119315.92,4937119315.92,7.966536998748779,,,,,2/2,,光伏设备,35.64,0.0,8.858024597167969,,,,093739,1.0
previous,40,603636,南威软件,-9.875142097473145,7.94,870467136,4608062552.62,4608062592.320001,18.503021240234375,,,,,4/3,,IT服务Ⅱ,9.69,0.0,7.03745698928833,,,,095837,3.0
previous,41,603773,沃格光电,-4.682926654815674,97.7,4071149280,21951102444.100002,21951102444.100002,18.159988403320312,,,,,2/1,,光学光电,112.75,0.0,6.497560977935791,,,,110359,1.0
previous,42,603803,瑞斯康达,-4.118104457855225,12.34,954249280,5243063093.38,5243063031.68,17.777278900146484,,,,,2/1,,通信设备,14.16,0.0,8.003108024597168,,,,130052,1.0
previous,43,603937,丽岛新材,4.471858024597168,13.55,364856256,2830486478.05,2830486478.05,13.151127815246582,,,,,2/1,,工业金属,14.27,0.0,14.10948371887207,,,,102730,1.0
previous,44,603949,雪龙集团,10.026041030883789,16.9,75458139,3552469130.6,3561450331.3999996,2.1241445541381836,,,,,2/2,,汽车零部,16.9,0.0,2.1484375,,,,094550,1.0
previous,45,603991,领先股份,-5.216360569000244,175.89,1093343824,15748574633.22,26860110891.899998,6.89595890045166,,,,,2/1,,半导体,204.13,0.0,8.805302619934082,,,,131934,1.0
previous,46,605058,澳弘电子,2.730375289916992,60.2,1319514272,8604092224.0,8604092224.0,15.594430923461914,,,,,10/7,,元件,64.46,0.0,6.399317264556885,,,,135117,2.0
previous,47,688056,莱伯泰科,10.052909851074219,58.24,338201968,3928431270.4,3928431270.4,8.993029594421387,,,,,2/1,,通用设备,63.5,0.0,20.729402542114258,,,,132251,1.0
previous,48,688337,普源精电,2.5008742809295654,58.61,1335402624,10906075771.94,12816636522.369999,12.348527908325195,,,,,2/1,,通用设备,68.62,0.0,14.498075485229492,,,,130515,1.0
previous,49,688512,慧智微-U,1.5011546611785889,17.58,1214077088,5753362579.679999,8313521243.5199995,20.989763259887695,,,,,2/1,,半导体,20.78,0.0,9.237874984741211,,,,145650,1.0
previous,50,688628,优利德,-3.102062225341797,110.89,1593628976,12463247350.32,12463247350.32,12.62537670135498,,,,,2/1,,通用设备,137.33,0.0,7.934288501739502,,,,110432,1.0
previous,51,688656,浩欧博,-6.303176403045654,132.15,229135085,8393985765.150001,8393985765.150001,2.6520931720733643,,,,,2/1,,医疗器械,169.25,0.0,9.713556289672852,,,,095555,1.0
